﻿<?xml version="1.0" encoding="utf-8"?>
<Package xmlns="http://schemas.microsoft.com/appx/manifest/foundation/windows10" xmlns:uap="http://schemas.microsoft.com/appx/manifest/uap/windows10" xmlns:uap2="http://schemas.microsoft.com/appx/manifest/uap/windows10/2" xmlns:mp="http://schemas.microsoft.com/appx/2014/phone/manifest" IgnorableNamespaces="mp uap uap2">
  <Identity Name="ProteusHolo" ProcessorArchitecture="x86" Publisher="CN=NoPublisher" Version="1.0.0.0" />
  <Properties>
    <DisplayName>ms-resource:PackageDisplayName</DisplayName>
    <PublisherDisplayName>ms-resource:PublisherDisplayName</PublisherDisplayName>
    <Description>ms-resource:PackageDescription</Description>
    <Logo>Resources\Logo.png</Logo>
  </Properties>
  <Dependencies>
    <TargetDeviceFamily Name="Windows.Universal" MinVersion="10.0.15063.0" MaxVersionTested="10.0.15063.0" />
    <PackageDependency Name="Microsoft.VCLibs.140.00" Publisher="CN=Microsoft Corporation, O=Microsoft Corporation, L=Redmond, S=Washington, C=US" MinVersion="14.0.0.0" />
  </Dependencies>
  <Resources>
    <Resource Language="en" />
  </Resources>
  <Applications>
    <Application Id="AppProteusHolo" Executable="ProteusHolo\Binaries\UWP32\ProteusHolo-UWP32-Shipping.exe" EntryPoint="ProteusHolo.app">
      <uap:VisualElements DisplayName="ms-resource:AppDisplayName" Description="ms-resource:AppDescription" BackgroundColor="#000040" Square150x150Logo="Resources\Logo.png" Square44x44Logo="Resources\SmallLogo.png">
        <uap:SplashScreen BackgroundColor="#000040" Image="Resources\SplashScreen.png" />
      </uap:VisualElements>
    </Application>
  </Applications>
  <Capabilities>
    <Capability Name="internetClientServer" />
    <Capability Name="privateNetworkClientServer" />
    <Capability Name="internetClient" />
    <uap:Capability Name="objects3D" />
    <uap2:Capability Name="spatialPerception" />
    <DeviceCapability Name="microphone" />
    <DeviceCapability Name="bluetooth" />
  </Capabilities>
</Package>